{
  "x_column_types": {
    "numeric": [
    ],
    "categorical": [
      0, 1, 2, 3, 4, 5, 6, 7, 8, 9, 10, 11, 12, 13, 14, 15, 16, 17, 18, 19, 20, 21, 22, 23, 24, 25, 26, 27, 28, 29, 30, 31, 32, 33, 34, 35, 36, 37, 38, 39, 40, 41, 42, 43, 44, 45, 46, 47, 48, 49, 50, 51, 52, 53, 54, 55, 56, 57, 58, 59, 60, 61, 62, 63, 64, 65, 66, 67, 68, 69, 70, 71, 72, 73, 74, 75, 76, 77, 78, 79, 80, 81, 82, 83, 84, 85, 86, 87, 88, 89, 90, 91, 92, 93, 94, 95, 96, 97, 98, 99, 100, 101, 102, 103
    ]
  },
  "x_column_names": [
    "_loc_aut",
    "var0",
    "var1",
    "var10",
    "var100",
    "var101",
    "var102",
    "var11",
    "var12",
    "var13",
    "var14",
    "var15",
    "var16",
    "var17",
    "var18",
    "var19",
    "var2",
    "var20",
    "var21",
    "var22",
    "var23",
    "var24",
    "var25",
    "var26",
    "var27",
    "var28",
    "var29",
    "var3",
    "var30",
    "var31",
    "var32",
    "var33",
    "var34",
    "var35",
    "var36",
    "var37",
    "var38",
    "var39",
    "var4",
    "var40",
    "var41",
    "var42",
    "var43",
    "var44",
    "var45",
    "var46",
    "var47",
    "var48",
    "var49",
    "var5",
    "var50",
    "var51",
    "var52",
    "var53",
    "var54",
    "var55",
    "var56",
    "var57",
    "var58",
    "var59",
    "var6",
    "var60",
    "var61",
    "var62",
    "var63",
    "var64",
    "var65",
    "var66",
    "var67",
    "var68",
    "var69",
    "var7",
    "var70",
    "var71",
    "var72",
    "var73",
    "var74",
    "var75",
    "var76",
    "var77",
    "var78",
    "var79",
    "var8",
    "var80",
    "var81",
    "var82",
    "var83",
    "var84",
    "var85",
    "var86",
    "var87",
    "var88",
    "var89",
    "var9",
    "var90",
    "var91",
    "var92",
    "var93",
    "var94",
    "var95",
    "var96",
    "var97",
    "var98",
    "var99"
  ],
  "x_category_names": {
  }
}

